ID,TANDA,FECHA ENVIO,CATEGORIA,NOMBRE,ESTADO,CREADOR,LINK,NOTAS,VISTAS,CREADO,DESCRIPCION
v0000,1,10 enero 2026,ROMO ROOM,RRMYL001,PUBLICADO,,,,,,
v0001,2,10 enero 2026,ROMO ROOM,RRMYL002,PUBLICADO,,,,,,
v0002,3,10 enero 2026,ROMO ROOM,RRMYL003,PUBLICADO,,,,,,
v0003,4,10 enero 2026,ROMO ROOM,RRMYL004,PUBLICADO,,,,,,
v0004,5,10 enero 2026,ROMO ROOM,RRMYL005,PUBLICADO,,,,,,
v0005,6,10 enero 2026,ROMO ROOM,RRMYL006,PUBLICADO,,,,,,
v0006,7,10 enero 2026,ROMO ROOM,RRMYL007,PUBLICADO,,,,,,
v0007,8,10 enero 2026,ROMO ROOM,RRMYL008,PUBLICADO,,,,,,
v0008,9,10 enero 2026,ROMO ROOM,RRMYL009,PUBLICADO,,,,,,
v0009,10,10 enero 2026,ROMO ROOM,RRMXR001,PUBLICADO,,,,,,
v0010,11,10 enero 2026,ROMO ROOM,RRMXR002,PUBLICADO,,,,,,
v0011,12,10 enero 2026,ROMO ROOM,RRMXR003,PUBLICADO,,,,,,
v0012,13,10 enero 2026,ROMO ROOM,RRMXR004,PUBLICADO,,,,,,
v0013,14,10 enero 2026,ROMO ROOM,RRMXR005,PUBLICADO,,,,,,
v0014,15,10 enero 2026,ROMO ROOM,RRMXR006,PUBLICADO,,,,,,
v0015,16,10 enero 2026,ROMO ROOM,RRMXR007,PUBLICADO,,,,,,
v0016,17,10 enero 2026,ROMO ROOM,RRMXR008,PUBLICADO,,,,,,
v0017,18,10 enero 2026,ROMO ROOM,RRMXR009,PUBLICADO,,,,,,
v0018,19,10 enero 2026,ROMO ROOM,RRMXR010,PUBLICADO,,,,,,
v0019,20,10 enero 2026,ROMO ROOM,RRMXR011,PUBLICADO,,,,,,
v0020,21,10 enero 2026,ESTUDIANTES,ES 001,PUBLICADO,,,,,,
v0021,22,10 enero 2026,ESTUDIANTES,ES 002,PUBLICADO,,,,,,
v0022,23,10 enero 2026,ESTUDIANTES,ES 003,PUBLICADO,,,,,,
v0023,24,10 enero 2026,ESTUDIANTES,ES 004,PUBLICADO,,,,,,
v0024,25,10 enero 2026,DEMOSTRATIVAS,DM 001,PUBLICADO,,,,,,
v0025,26,10 enero 2026,DEMOSTRATIVAS,DM 002,PUBLICADO,,,,,,
v0026,27,10 enero 2026,DEMOSTRATIVAS,DM 003,PUBLICADO,,,,,,
v0027,28,10 enero 2026,DEMOSTRATIVAS,DM 004,PUBLICADO,,,,,,
v0028,29,10 enero 2026,RELLENO,RL 001,PUBLICADO,,,,,,
v0029,1,16 enero 2026,ESTUDIANTES,ES 005,PUBLICADO,,,,,,
v0030,2,16 enero 2026,ESTUDIANTES,ES 006,PUBLICADO,,,,,,
v0031,3,16 enero 2026,ESTUDIANTES,ES 007,PUBLICADO,,,,,,
v0032,4,16 enero 2026,ESTUDIANTES,ES 008,PUBLICADO,,,,,,
v0033,5,16 enero 2026,ESTUDIANTES,ES 009,PUBLICADO,,,,,,
v0034,6,16 enero 2026,ESTUDIANTES,ES 010,PUBLICADO,,,,,,
v0035,7,16 enero 2026,ESTUDIANTES,ES 011,PUBLICADO,,,,,,
v0036,8,16 enero 2026,ESTUDIANTES,ES 012,PUBLICADO,,,,,,
v0037,9,16 enero 2026,ESTUDIANTES,ES 013,PUBLICADO,,,,,,
v0038,10,16 enero 2026,ESTUDIANTES,ES 014,PUBLICADO,,,,,,
v0039,11,16 enero 2026,ESTUDIANTES,ES 015,PUBLICADO,,,,,,
v0040,12,16 enero 2026,ESTUDIANTES,ES 016,PUBLICADO,,,,,,
v0041,13,16 enero 2026,ESTUDIANTES,ES 017,PUBLICADO,,,,,,
v0042,14,16 enero 2026,ESTUDIANTES,ES 018,PUBLICADO,,,,,,
v0043,15,16 enero 2026,ESTUDIANTES,ES 019,PUBLICADO,,,,,,
v0044,16,16 enero 2026,ESTUDIANTES,ES 020,PUBLICADO,,,,,,
v0045,17,16 enero 2026,ESTUDIANTES,ES 021,PUBLICADO,,,,,,
v0046,18,16 enero 2026,ESTUDIANTES,ES 022,PUBLICADO,,,,,,
v0047,19,16 enero 2026,ESTUDIANTES,ES 023,PUBLICADO,,,,,,
v0048,20,16 enero 2026,ESTUDIANTES,ES 024,PUBLICADO,,,,,,
v0049,21,16 enero 2026,ESTUDIANTES,ES 025,PUBLICADO,,,,,,
v0050,22,16 enero 2026,ESTUDIANTES,ES 026,PUBLICADO,,,,,,
v0051,23,16 enero 2026,ESTUDIANTES,ES 027,PUBLICADO,,,,,,
v0052,24,16 enero 2026,ESTUDIANTES,ES 028,PUBLICADO,,,,,,
v0053,25,16 enero 2026,ESTUDIANTES,ES 029,PUBLICADO,,,,,,
v0054,26,16 enero 2026,ESTUDIANTES,ES 030,PUBLICADO,,,,,,
v0055,27,16 enero 2026,ESTUDIANTES,ES 031,PUBLICADO,,,,,,
v0056,28,16 enero 2026,ESTUDIANTES,ES 032,PUBLICADO,,,,,,
v0057,29,16 enero 2026,ESTUDIANTES,ES 033,PUBLICADO,,,,,,
v0058,30,16 enero 2026,ESTUDIANTES,ES 034,PUBLICADO,,,,,,
v0059,31,16 enero 2026,ESTUDIANTES,ES 035,PUBLICADO,,,,,,
v0060,32,16 enero 2026,ESTUDIANTES,ES 036,PUBLICADO,,,,,,
v0061,33,16 enero 2026,ESTUDIANTES,ES 037,PUBLICADO,,,,,,
v0062,34,16 enero 2026,ESTUDIANTES,ES 038,PUBLICADO,,,,,,
v0063,35,16 enero 2026,ESTUDIANTES,ES 039,PUBLICADO,,,,,,
v0064,36,16 enero 2026,ESTUDIANTES,ES 040,PUBLICADO,,,,,,
v0065,37,16 enero 2026,ESTUDIANTES,ES 041,PUBLICADO,,,,,,
v0066,38,16 enero 2026,ESTUDIANTES,ES 042,PUBLICADO,,,,,,
v0067,39,16 enero 2026,ESTUDIANTES,ES 043,PUBLICADO,,,,,,
v0068,40,16 enero 2026,ESTUDIANTES,ES 044,PUBLICADO,,,,,,
v0069,41,16 enero 2026,ESTUDIANTES,ES 045,PUBLICADO,,,,,,
v0070,42,16 enero 2026,ESTUDIANTES,ES 046,PUBLICADO,,,,,,
v0071,43,16 enero 2026,ESTUDIANTES,ES 047,PUBLICADO,,,,,,
v0072,44,16 enero 2026,DEMOSTRATIVAS,DM 005,PUBLICADO,,,,,,
v0073,45,16 enero 2026,DEMOSTRATIVAS,DM 006,PUBLICADO,,,,,,
v0074,46,16 enero 2026,DEMOSTRATIVAS,DM 007,PUBLICADO,,,,,,
v0075,47,16 enero 2026,DEMOSTRATIVAS,DM 008,PUBLICADO,,,,,,
v0076,48,16 enero 2026,DEMOSTRATIVAS,DM 009,PUBLICADO,,,,,,
v0077,49,16 enero 2026,DEMOSTRATIVAS,DM 010,PUBLICADO,,,,,,
v0078,50,16 enero 2026,DEMOSTRATIVAS,DM 011,PUBLICADO,,,,,,
v0079,51,16 enero 2026,DEMOSTRATIVAS,DM 012,PUBLICADO,,,,,,
v0080,52,16 enero 2026,DEMOSTRATIVAS,DM 013,PUBLICADO,,,,,,
v0081,53,16 enero 2026,DEMOSTRATIVAS,DM 014,PUBLICADO,,,,,,
v0082,54,16 enero 2026,DEMOSTRATIVAS,DM 015,PUBLICADO,,,,,,
v0083,55,16 enero 2026,DEMOSTRATIVAS,DM 016,PUBLICADO,,,,,,
v0084,56,16 enero 2026,DEMOSTRATIVAS,DM 017,PUBLICADO,,,,,,
v0085,57,16 enero 2026,DEMOSTRATIVAS,DM 018,PUBLICADO,,,,,,
v0086,58,16 enero 2026,DEMOSTRATIVAS,DM 019,PUBLICADO,,,,,,
v0087,59,16 enero 2026,DEMOSTRATIVAS,DM 020,PUBLICADO,,,,,,
v0088,60,16 enero 2026,RELLENO,RLL 002,PUBLICADO,,,,,,
v0089,61,16 enero 2026,RELLENO,RLL 003,PUBLICADO,,,,,,
v0090,62,16 enero 2026,RELLENO,RLL 004,PUBLICADO,,,,,,
v0091,63,16 enero 2026,RELLENO,RLL 005,PUBLICADO,,,,,,
v0092,64,16 enero 2026,RELLENO,RLL 006,PUBLICADO,,,,,,
v0093,65,16 enero 2026,RELLENO,RLL 007,PUBLICADO,,,,,,
v0094,66,16 enero 2026,RELLENO,RLL 008,PUBLICADO,,,,,,
v0095,67,16 enero 2026,RELLENO,RLL 009,PUBLICADO,,,,,,
v0096,68,16 enero 2026,RELLENO,RLL 010,PUBLICADO,,,,,,
v0097,69,16 enero 2026,RELLENO,RLL 011,PUBLICADO,,,,,,
v0098,70,16 enero 2026,RELLENO,RLL 012,PUBLICADO,,,,,,
v0099,71,16 enero 2026,RELLENO,RLL 013,PUBLICADO,,,,,,
v0100,98,16 enero 2026,RELLENO,RLL 040,PUBLICADO,,,,,,
v0101,14,13 febrero 2026,ESTUDIANTES,ES 61,PUBLICADO,,,,,,
v0102,13,13 febrero 2026,ESTUDIANTES,ES 60,PUBLICADO,,,,,,
v0103,12,13 febrero 2026,ESTUDIANTES,ES 59,PUBLICADO,,,,,,
v0104,11,13 febrero 2026,ESTUDIANTES,ES 58,PUBLICADO,,,,,,
v0105,10,13 febrero 2026,ESTUDIANTES,ES 57,PUBLICADO,,,,,,
v0106,9,13 febrero 2026,ESTUDIANTES,ES 56,PUBLICADO,,,,,,
v0107,8,13 febrero 2026,ESTUDIANTES,ES 55,PUBLICADO,,,,,,
v0108,7,13 febrero 2026,ESTUDIANTES,ES 54,PUBLICADO,,,,,,
v0109,6,13 febrero 2026,ESTUDIANTES,ES 53,PUBLICADO,,,,,,
v0110,5,13 febrero 2026,ESTUDIANTES,ES 52,PUBLICADO,,,,,,
v0111,4,13 febrero 2026,ESTUDIANTES,ES 51,PUBLICADO,,,,,,
v0112,3,13 febrero 2026,ESTUDIANTES,ES 50,PUBLICADO,,,,,,
v0113,2,13 febrero 2026,ESTUDIANTES,ES 49,PUBLICADO,,,,,,
v0114,1,13 febrero 2026,ESTUDIANTES,ES 48,PUBLICADO,,,,,,
v0115,2,19 enero 2026,DEMOSTRATIVAS,DM 021,PUBLICADO,,,,,,
v0116,1,19 enero 2026,RELLENO,RLL 043,PUBLICADO,,,,,,
v0117,105,16 enero 2026,ROMO ROOM,RRCHK002,PUBLICADO,,,,,,
v0118,104,16 enero 2026,ROMO ROOM,RRCHK001,PUBLICADO,,,,,,
v0119,103,16 enero 2026,ROMO ROOM,RRMXR014,PUBLICADO,,,,,,
v0120,102,16 enero 2026,ROMO ROOM,RRMXR013,PUBLICADO,,,,,,
v0121,101,16 enero 2026,ROMO ROOM,RRMXR012,PUBLICADO,,,,,,
v0122,100,16 enero 2026,RELLENO,RLL 042,PUBLICADO,,,,,,
v0123,72,16 enero 2026,RELLENO,RLL 014,PUBLICADO,,,,,,
v0124,73,16 enero 2026,RELLENO,RLL 015,PUBLICADO,,,,,,
v0125,74,16 enero 2026,RELLENO,RLL 016,PUBLICADO,,,,,,
v0126,75,16 enero 2026,RELLENO,RLL 017,PUBLICADO,,,,,,
v0127,76,16 enero 2026,RELLENO,RLL 018,PUBLICADO,,,,,,
v0128,77,16 enero 2026,RELLENO,RLL 019,PUBLICADO,,,,,,
v0129,78,16 enero 2026,RELLENO,RLL 020,PUBLICADO,,,,,,
v0130,79,16 enero 2026,RELLENO,RLL 021,PUBLICADO,,,,,,
v0131,80,16 enero 2026,RELLENO,RLL 022,PUBLICADO,,,,,,
v0132,81,16 enero 2026,RELLENO,RLL 023,PUBLICADO,,,,,,
v0133,82,16 enero 2026,RELLENO,RLL 024,PUBLICADO,,,,,,
v0134,83,16 enero 2026,RELLENO,RLL 025,PUBLICADO,,,,,,
v0135,84,16 enero 2026,RELLENO,RLL 026,PUBLICADO,,,,,,
v0136,85,16 enero 2026,RELLENO,RLL 027,PUBLICADO,,,,,,
v0137,86,16 enero 2026,RELLENO,RLL 028,PUBLICADO,,,,,,
v0138,87,16 enero 2026,RELLENO,RLL 029,PUBLICADO,,,,,,
v0139,88,16 enero 2026,RELLENO,RLL 030,PUBLICADO,,,,,,
v0140,89,16 enero 2026,RELLENO,RLL 031,PUBLICADO,,,,,,
v0141,90,16 enero 2026,RELLENO,RLL 032,PUBLICADO,,,,,,
v0142,91,16 enero 2026,RELLENO,RLL 033,PUBLICADO,,,,,,
v0143,92,16 enero 2026,RELLENO,RLL 034,PUBLICADO,,,,,,
v0144,93,16 enero 2026,RELLENO,RLL 035,PUBLICADO,,,,,,
v0145,94,16 enero 2026,RELLENO,RLL 036,PUBLICADO,,,,,,
v0146,95,16 enero 2026,RELLENO,RLL 037,PUBLICADO,,,,,,
v0147,96,16 enero 2026,RELLENO,RLL 038,PUBLICADO,,,,,,
v0148,97,16 enero 2026,RELLENO,RLL 039,PUBLICADO,,,,,,
v0149,99,16 enero 2026,RELLENO,RLL 041,PUBLICADO,,,,,,
v0150,15,13 febrero 2026,ESTUDIANTES,ES 62,PUBLICADO,,,,,,
v0151,16,13 febrero 2026,ESTUDIANTES,ES 63,PUBLICADO,,,,,,
v0152,17,13 febrero 2026,ESTUDIANTES,ES 64,PUBLICADO,,,,,,
v0153,18,13 febrero 2026,ESTUDIANTES,ES 65,PUBLICADO,,,,,,
v0154,19,13 febrero 2026,ESTUDIANTES,ES 66,PUBLICADO,,,,,,
v0155,20,13 febrero 2026,ESTUDIANTES,ES 67,PUBLICADO,,,,,,
v0156,21,13 febrero 2026,ESTUDIANTES,ES 68,PUBLICADO,,,,,,
v0157,22,13 febrero 2026,ESTUDIANTES,ES 69,PUBLICADO,,,,,,
v0158,23,13 febrero 2026,RELLENO,RLL 44,PUBLICADO,,,,,,
v0159,1,27 de febrero 2026,ROMO ROOM,RR1 001,PUBLICADO,,,,,,
v0160,,9 de marzo 2026,ESTUDIANTES,ES 70,PUBLICADO,,,,,,
v0161,,9 de marzo 2026,ESTUDIANTES,ES 71,PUBLICADO,,,,,,
v0162,,9 de marzo 2026,ESTUDIANTES,ES 72,PUBLICADO,,,,,,
v0163,,9 de marzo 2026,ESTUDIANTES,ES 73,PUBLICADO,,,,,,
v0164,,9 de marzo 2026,ESTUDIANTES,ES 74,PUBLICADO,,,,,,
v0165,,9 de marzo 2026,ESTUDIANTES,ES 75,PUBLICADO,,,,,,
v0166,,10 de marzo 2026,RELLENO,RLL 45,PUBLICADO,,,,,,
v0167,,10 de marzo 2026,RELLENO,RLL 46,PUBLICADO,,,,,,
v0168,,10 de marzo 2026,RELLENO,RLL 47,PUBLICADO,,,,,,
v0169,,10 de marzo 2026,ESTUDIANTES,ES 76,PUBLICADO,,,,,,
v0170,,16 de marzo 2026,ESTUDIANTES,ES 77,PUBLICADO,,,,,,
v0171,,16 de marzo 2026,ESTUDIANTES,ES 78,PUBLICADO,,,,,,
v0172,,16 de marzo 2026,ESTUDIANTES,ES 79,PUBLICADO,,,,,,
v0173,,16 de marzo 2026,ESTUDIANTES,ES 80,PUBLICADO,,,,,,
v0174,,16 de marzo 2026,ROMO ROOM,RRADRZ 001,PUBLICADO,,,,,,
v0175,,20 de marzo 2026,ESTUDIANTES,ES 082,PUBLICADO,,,,,,
v0176,,20 de marzo 2026,RELLENO,RLL 48,PUBLICADO,,,,,,
v0177,,20 de marzo 2026,DEMOSTRATIVAS,DM 022,PUBLICADO,,,,,,
v0178,,23 de marzo 2026,RELLENO,RLL 49,PUBLICADO,,,,,,
v0179,,23 de marzo 2026,ESTUDIANTES,ES 083,PUBLICADO,,,,,,
v0180,,23 de marzo 2026,RELLENO,RLL 050,PUBLICADO,,,,,,
v0181,,23 de marzo 2026,ESTUDIANTES,ES 084,PUBLICADO,,,,,,
v0182,,23 de marzo 2026,RELLENO,RLL 052,PUBLICADO,,,,,,
v0183,,25 de marzo 2026,DEMOSTRATIVAS,DM 023,PUBLICADO,,,,,,
v0184,,25 de marzo 2026,RELLENO,RLL 053,PUBLICADO,,,,,,
v0185,,25 de marzo 2026,ESTUDIANTES,ES 085,PUBLICADO,,,,,,
v0186,,26 de marzo 2026,ESTUDIANTES,ES 086,PUBLICADO,,,,,,
v0187,,26 de marzo 2026,ESTUDIANTES,ES 087,PUBLICADO,,,,,,
v0188,,26 de marzo 2026,ESTUDIANTES,ES 088,PUBLICADO,,,,,,
v0189,,26 de marzo 2026,ESTUDIANTES,ES 089,PUBLICADO,,,,,,
v0190,,26 de marzo 2026,ESTUDIANTES,ES 090,PUBLICADO,,,,,,
v0191,,26 de marzo 2026,ESTUDIANTES,ES 091,PUBLICADO,,,,,,
v0192,,26 de marzo 2026,ESTUDIANTES,ES 092,PUBLICADO,,,,,,
v0193,,26 de marzo 2026,ESTUDIANTES,ES 093,PUBLICADO,,,,,,
v0194,,26 de marzo 2026,ESTUDIANTES,ES 094,PUBLICADO,,,,,,
v0195,,26 de marzo 2026,ESTUDIANTES,ES 095,PUBLICADO,,,,,,
v0196,,26 de marzo 2026,ESTUDIANTES,ES 096,PUBLICADO,,,,,,
v0197,,26 de marzo 2026,ESTUDIANTES,ES 097,PUBLICADO,,,,,,
v0198,,26 de marzo 2026,ESTUDIANTES,ES 098,PUBLICADO,,,,,,
v0199,,26 de marzo 2026,PEDRO ROMO,PDR 001,PUBLICADO,,,,,,
v0200,,26 de marzo 2026,RELLENO,RLL 0058,PUBLICADO,,,,,,
v0201,,26 de marzo 2026,PEDRO ROMO,PDR 002,PUBLICADO,,,,,,
v0202,,26 de marzo 2026,PEDRO ROMO,PDR 003,PUBLICADO,,,,,,
v0203,,26 de marzo 2026,PEDRO ROMO,PDR 004,PUBLICADO,,,,,,
v0204,,26 de marzo 2026,PEDRO ROMO,PDR 005,PUBLICADO,,,,,,
v0205,,26 de marzo 2026,ROMO DJS,RDJ 001,PUBLICADO,,,,,,
v0206,,26 de marzo 2026,RELLENO,RLL 0054,PUBLICADO,,,,,,
v0207,,26 de marzo 2026,RELLENO,RLL 0055,PUBLICADO,,,,,,
v0208,,26 de marzo 2026,RELLENO,RLL 0056,PUBLICADO,,,,,,
v0209,,26 de marzo 2026,RELLENO,RLL 0057,PUBLICADO,,,,,,
v0210,,26 de marzo 2026,RELLENO,RLL 0059,PUBLICADO,,,,,,
v0211,,26 de marzo 2026,RELLENO,RLL 0060,PUBLICADO,,,,,,
v0212,,26 de marzo 2026,RELLENO,RLL 0061,PUBLICADO,,,,,,
v0213,,26 de marzo 2026,RELLENO,RLL 0062,PUBLICADO,,,,,,
v0214,,30 de marzo 2026,RELLENO,RLL 0063,PUBLICADO,,,,,,
v0215,,6 de abril 2026,DEMOSTRATIVAS,DM024,PUBLICADO,,,,,,
v0216,,6 de abril 2026,DEMOSTRATIVAS,DM025,PUBLICADO,,,,,,
v0217,,6 de abril 2026,DEMOSTRATIVAS,DM026,PUBLICADO,,,,,,
v0218,,6 de abril 2026,DEMOSTRATIVAS,DM027,PUBLICADO,,,,,,
v0219,,6 de abril 2026,DEMOSTRATIVAS,DM028,PUBLICADO,,,,,,
v0220,,6 de abril 2026,DEMOSTRATIVAS,DM029,PUBLICADO,,,,,,
v0221,,6 de abril 2026,ESTUDIANTES,ES099,PUBLICADO,,,,,,
v0222,,6 de abril 2026,RELLENO,RLL0064,PUBLICADO,,,,,,
v0223,,6 de abril 2026,RELLENO,RLL0065,PUBLICADO,,,,,,
v0224,,6 de abril 2026,RELLENO,RLL0066,PUBLICADO,,,,,,
v0225,,6 de abril 2026,RELLENO,RLL0067,PUBLICADO,,,,,,
v0226,,6 de abril 2026,RELLENO,RLL0068,PUBLICADO,,,,,,
v0227,,6 de ABRIL 2026,ROMO DJS,RDJ 002,PUBLICADO,,,,,,
v0228,,13 de abril 2026,RELLENO,RLL0069,PUBLICADO,,,,,,
v0229,,13 de abril 2026,RELLENO,RLL0070,PUBLICADO,,,,,,
v0230,,13 de abril 2026,ESTUDIANTES,ES 100,PUBLICADO,,,,,,
v0231,,13 de abril 2026,ESTUDIANTES,ES 101,PUBLICADO,,,,,,
v0232,,13 de abril 2026,ESTUDIANTES,ES 102,PUBLICADO,,,,,,
v0233,,13 de abril 2026,ESTUDIANTES,ES 103,PUBLICADO,,,,,,
v0234,,13 de abril 2026,ESTUDIANTES,ES 104,PUBLICADO,,,,,,
v0235,,13 de abril 2026,ESTUDIANTES,ES 105,PUBLICADO,,,,,,
v0236,,13 de abril 2026,ESTUDIANTES,ES 106,PUBLICADO,,,,,,
v0237,,13 de abril 2026,ESTUDIANTES,ES 107,PUBLICADO,,,,,,
v0238,,13 de abril 2026,ESTUDIANTES,ES 108,PUBLICADO,,,,,,
v0239,,13 de abril 2026,ESTUDIANTES,ES 109,PUBLICADO,,,,,,
v0240,,13 de abril 2026,ESTUDIANTES,ES 110,PUBLICADO,,,,,,
v0241,,13 de abril 2026,ESTUDIANTES,ES 111,PUBLICADO,,,,,,
v0242,,13 de abril 2026,ESTUDIANTES,ES 112,PUBLICADO,,,,,,
v0243,,13 de abril 2026,DEMOSTRATIVAS,DM030,PUBLICADO,,,,,,
v0244,,13 de abril 2026,DEMOSTRATIVAS,DM031,PENDIENTE,,,,,,
v0245,,20 de ABRIL 2026,ROMO DJS,RDJ 003,PUBLICADO,,,,,,
v0246,,27 de abril 2026,ROMO DJS,RDJ 004,PUBLICADO,,,,,,
v0247,,27 de abril 2026,ROMO ROOM,RRDX 001,PUBLICADO,,,,,,
v0248,,27 de abril 2026,ROMO ROOM,RRDX 002,PUBLICADO,,,,,,
v0249,,27 de abril 2026,ROMO DJS,RDJ 005,PUBLICADO,,,,,,
v0250,,11 de mayo 2026,ESTUDIANTES,ES 122,PUBLICADO,MARLONT,,,,,
v0251,,28 de abril 2026,ESTUDIANTES,ES 113,PUBLICADO,,,,,,
v0252,,28 de abril 2026,ESTUDIANTES,ES 114,PUBLICADO,,,,,,
v0253,,28 de abril 2026,ESTUDIANTES,ES 115,PUBLICADO,,,,,,
v0254,,28 de abril 2026,DEMOSTRATIVAS,DM 032,PENDIENTE,,,,,,
v0255,,4 de mayo 2026,ROMO DJS,RDJ 007,PUBLICADO,MARLONT,,,,,
v0256,,5 de mayo 2026,ROMO DJS,RDJ 006,PUBLICADO,KIKE,,,,,
v0257,,5 de mayo 2026,ROMO DJS,RDJ 008,PUBLICADO,KIKE,,,,,
v0258,,11 de mayo 2026,ESTUDIANTES,ES 117,PUBLICADO,MARLONT,,,,,
v0259,,11 de mayo 2026,ESTUDIANTES,ES 118,PUBLICADO,MARLONT,,,,,
v0260,,11 de mayo 2026,ESTUDIANTES,ES 119,PUBLICADO,MARLONT,,,,,
v0261,,11 de mayo 2026,VIDEOS 360,360 MXR 001,PUBLICADO,MARLONT,,,,,
v0262,,11 de mayo 2026,ESTUDIANTES,ES 120,PUBLICADO,MARLONT,,,,,
v0263,,11 de mayo 2026,ESTUDIANTES,ES 121,PUBLICADO,MARLONT,,,,,
v0264,,12 de mayo 2026,RELLENO,RLL 0073,PUBLICADO,WLADO,,,,,
v0265,,11 de mayo 2026,RELLENO,RLL0071,PUBLICADO,MARLONT,,,,,
v0266,,11 de mayo 2026,RELLENO,PARRILLADA HOY,PUBLICADO,MARLONT,,,,,
v0267,,12 de mayo 2026,ESTUDIANTES,ES 123,PUBLICADO,MARLONT,,,,,
v0268,,12 de mayo 2026,RELLENO,RLL 0074,PUBLICADO,WLADO,,,,,
v0269,,28 de abril 2026,DEMOSTRATIVAS,DM 033,PUBLICADO,,,,,,
v0270,,11 de mayo 2026,DEMOSTRATIVAS,DM 034,PUBLICADO,WLADO,,,,,
v0271,,11 de mayo 2026,ESTUDIANTES,ES 116,PUBLICADO,WLADO,,,,,
v0272,,11 de mayo 2026,DEMOSTRATIVAS,DM 035,PUBLICADO,WLADO,,,,,
v0273,,12 de mayo 2026,VIDEOS 360,360 KIKE 001,PUBLICADO,MARLONT,,,,,
v0274,,16 de mayo 2026,MINISTERIO DE TRABAJO,MDT DJ 001,PUBLICADO,MARLONT,,,,,
v0275,,16 de mayo 2026,MINISTERIO DE TRABAJO,MDT DJ 002,PUBLICADO,MARLONT,,,,,
v0276,,18 de mayo 2026,RELLENO,RLL 0076,PUBLICADO,MARLONT,,,,,
v0277,,18 de mayo 2026,ESTUDIANTES,ES 127,PUBLICADO,DANIEL,,,,,
v0278,,18 de mayo 2026,RELLENO,RLL 0079,PENDIENTE,DANIEL,,,,,
v0279,,18 de mayo 2026,RELLENO,RLL 0080,PENDIENTE,DANIEL,,,,,
v0280,,26 de mayo 2026,DEMOSTRATIVAS,DM 036,PUBLICADO,MARLONT,,,,,
v0281,,26 de mayo 2026,ESTUDIANTES,ES 130,PUBLICADO,MARLONT,,,,,
v0282,,26 de mayo 2026,RELLENO,RLL0081,PENDIENTE,DANIEL,,,,,
v0283,,1 DE JUNIO 2026,RELLENO,RLL0082,PENDIENTE,MARLONT,,,,,
v0284,,8 de junio 2026,ESTUDIANTES,ES 134,PENDIENTE,DANIEL,,,,,
v0285,,8 de junio 2026,ESTUDIANTES,ES 135,PENDIENTE,DANIEL,,,,,
v0286,,8 de junio 2026,ESTUDIANTES,ES 136,PENDIENTE,DANIEL,,,,,
v0287,,8 de junio 2026,ESTUDIANTES,ES 137,PENDIENTE,DANIEL,,,,,
v0288,,26 de mayo 2026,ESTUDIANTES,ES 132,PUBLICADO,DANIEL,,,,,
v0289,,8 de junio 2026,ROMO ROOM,RR3 001,PENDIENTE,DANIEL,,,,,
v0290,,16 de mayo 2026,RELLENO,RLL 0075,PUBLICADO,MARLONT,,,,,
v0291,,18 de mayo 2026,ESTUDIANTES,ES 126,PUBLICADO,MARLONT,,,,,
v0292,,18 de mayo 2026,ESTUDIANTES,ES 128,PUBLICADO,DANIEL,,,,,
v0293,,18 de mayo 2026,RELLENO,RLL 0078,PUBLICADO,DANIEL,,,,,
v0294,,18 de mayo 2026,ESTUDIANTES,ES129,PUBLICADO,DANIEL,,,,,
v0295,,26 de mayo 2026,ESTUDIANTES,ES 131,PUBLICADO,DANIEL,,,,,
v0296,,8 de junio 2026,ESTUDIANTES,ES 133,PENDIENTE,DANIEL,,,,,
v0297,,11 de mayo 2026,RELLENO,RLL0072,PUBLICADO,MARLONT,,,,,
v0298,,12 de mayo 2026,ESTUDIANTES,ES 124,PUBLICADO,MARLONT,,,,,
v0299,,12 de mayo 2026,ESTUDIANTES,ES 125,PUBLICADO,MARLONT,,,,,
v0300,,2026-06-08,RELLENO,RLL 083,PENDIENTE,MARLONT,,,,,
v0301,,2026-06-08,RELLENO,RLL 084,PENDIENTE,MARLONT,,,,,
v0302,,2026-07-06,ESTUDIANTES,ES 138,PENDIENTE,DANIEL,,,,,
v0303,,2026-07-06,ESTUDIANTES,ES 139,PENDIENTE,DANIEL,,,,,
v0304,,2026-07-06,ESTUDIANTES,ES 140,PENDIENTE,DANIEL,,,,,
v0305,,2026-07-06,ESTUDIANTES,ES 141,PENDIENTE,DANIEL,,,,,
v0306,,2026-07-06,ESTUDIANTES,ES 142,PENDIENTE,DANIEL,,,,,
v0307,,2026-07-06,ESTUDIANTES,ES 143,PENDIENTE,DANIEL,,,,,
v0308,,2026-07-06,ESTUDIANTES,ES 144,PENDIENTE,DANIEL,,,,,
v0309,,2026-07-06,ESTUDIANTES,ES 145,PENDIENTE,DANIEL,,,,,
v0310,,2026-07-06,ESTUDIANTES,ES 146,PENDIENTE,DANIEL,,,,,
